description,prix,url_image
2 In 1 Phone Screen Cleaner Spray Computer Screen Dust Removal Set Cleaning Artifact Withcleaning Liquid,$0.10 - $0.35,https://s.alicdn.com/@sc04/kf/H025afb1fb939483ea7273e4104d9c8c4v.jpg_300x300.jpg
Ccbodily Sexy Women Body Chain Pearl Shawl Bra Top Chains Jewelry Pearl Body Chain Rave Outfit,$3.06 - $14.08,https://s.alicdn.com/@sc04/kf/H96f1788011cf4a20bcd7a8d1855d32c1c.jpg_300x300.jpg
New Arrival Black Lace Hollow-out Design Fashion Collar,$4.58,https://s.alicdn.com/@sc04/kf/Hd9e9eb5250e048fa97d3a1b55417a4b4h.jpg_300x300.jpg
2024 Summer New Design Kids Clothes Stock Unique Design Sequin Tank Top Lace Shorts + Belt Hair Girls Clothes Sets,$4.57 - $5.71,https://s.alicdn.com/@sc04/kf/Had9706e5d5ff43f39b2fdc5fe8d69c23Z.jpg_300x300.jpg
Bride wedding accessory apparel garment decorative,$2.95 - $3.95,https://s.alicdn.com/@sc04/kf/Hd0940a67194f455d88155ba438a73788q.jpg_300x300.jpg
,,https://s.alicdn.com/@sc04/kf/H37255d3d60e346319a757f5f908c874ca.jpg_300x300.jpg
round Perforated DIY Jewelry Accessories Love Fashion Trend for,$0.20,https://s.alicdn.com/@sc04/kf/Hdfa80e3d57b246c282c29bd5a28642c5f.png_300x300.png
100% Silk Printed Sash Customizable Colors and Sizes Fashion Style Manufactured and Exported from India fashion,$0.40 - $0.50,https://s.alicdn.com/@sc04/kf/Ac358ec90a1f1404481d7d44b20e51d36c.jpg_300x300.jpg
Wholesale 18K Gold Bow Earrings Popular Fashion Stainless Steel Jewelry,$2.35 - $3.66,https://s.alicdn.com/@sc04/kf/Haf59b972eeb14467a88bb3fe36f0eeabu.jpg_300x300.jpg
Vintage Ring Silk Scarf Buckle All-Match Ring personalized shawl buckle Multifunctional Hijab,$0.30,https://s.alicdn.com/@sc04/kf/H9f288810517d4475ab5c51a5a7118211j.jpg_300x300.jpg
Custom Designed Logo Printed Cheap Shoelaces,$0.30 - $0.49,https://s.alicdn.com/@sc04/kf/H076315827d43426d9202de752216c333B.jpg_300x300.jpg
wholesale High Quality Safety Plastic Pin Muti-Color Headscarf Muslim Hijab Brooches Safety Pins Buckle,$0.52,https://s.alicdn.com/@sc04/kf/H48b260171ac144cf9c9582ab83b7630bX.jpg_300x300.jpg
20mm Printed Polyester Woven Elastic for Fashion Style 100% Elastic Material Waistband Ethnic Pattern,$0.35 - $0.50,https://s.alicdn.com/@sc04/kf/A5ebdf54883a44105a5761c339eaa7e16J.png_300x300.png
Men's & Women's PU Leather Braided Wrap Bracelet Wax Cord with Wood and Zinc Alloy,$0.80,https://s.alicdn.com/@sc04/kf/H35d45bd88a4f44fb9f3dd65dfecee3bb3.jpg_300x300.jpg
Other Clothing Accessories Elegant Vintage Style Artificial White Shell Pearl Necklace,$8.96 - $11.35,https://s.alicdn.com/@sc04/kf/A28b73ef077cc4740804a11792a9a01dad.jpg_300x300.jpg
Decorative Metal Shoulder Bag Thick Chain Bag Strap Women Handbag / chain,$2.30 - $3.20,https://s.alicdn.com/@sc04/kf/H384fd78aa721438aa09b8050f9f3373bC.jpg_300x300.jpg
Customized Clothing OEM Factory Fashion-New-- Handmade Silk Petals New Design For Dress/Coat/Skirt/Jacket,$50.00,https://s.alicdn.com/@sc04/kf/H29ffa495a228446d95192b8d4687605cw.png_300x300.png
China Factory 6*12mm Eye Shape Hand Sewing Buckle Glass Button for Garment Processing,$0.03,https://s.alicdn.com/@sc04/kf/H981cd858303342fea8c465884c856bb7j.png_300x300.png
Saanjh Luxury Handmade Flowers Potli Floral Embellished,$15.08,https://s.alicdn.com/@sc04/kf/Sb338a8efa3d24e3a8d1f9d958cbdeae1b.png_300x300.png
Newest Designer 100% Handmade Crochet Daisy Flowers Amigurumi Flower T-shirt Breastpin,$0.79 - $0.99,https://s.alicdn.com/@sc04/kf/H2c72e219f3ed4db5931971254dc5c9d7o.jpg_300x300.jpg
China Supplier Satin Ribbon Garment Elastic Cute Girls Headband 5cm Hand-made Chiffon Fabric Flower,$0.38 - $0.53,https://s.alicdn.com/@sc04/kf/Hfd6c9885ce954d08bf85a4e8eba2a32eN.jpg_300x300.jpg
Made Korean Matte Ginkgo Leaf Sweater Brooch Pearl Rhinestone Brooches For Women's Fashion,$0.42,https://s.alicdn.com/@sc04/kf/H04681ef75be3484e8ea378531f29f861j.jpg_300x300.jpg
S9958 Garment Accessories Hand-crocheted Santa Claus Face Hairpin Brooch Semi-finished Santa Claus Decoration for,$0.85 - $1.85,https://s.alicdn.com/@sc04/kf/Hab8337dba4cf47f1b45e0d1ff4c79bb9b.png_300x300.png
Material Wood Baby Kids Adults Clotheshot Sales Fashion Logo Customized Wooden Hangers For Clothes With Logo Bulk Purchase,$21.30 - $85.22,https://s.alicdn.com/@sc04/kf/A769ada4a29a64228b1d344a38b6e9c4c5.jpg_300x300.jpg
DIY alloy jewelry For handbag and clothing,$1.85 - $4.05,https://s.alicdn.com/@sc04/kf/Hb96e8618ec924850bb6847a96e68417fa.png_300x300.png
12cm Embroidered Flash Sequin Bow Headdress for Pets,$0.24 - $0.40,https://s.alicdn.com/@sc04/kf/H0987f577070248d080c8bb66cf654125z.jpg_300x300.jpg
Custom-made clothes,$60.00 - $100.00,https://s.alicdn.com/@sc04/kf/H4e5a7ccd07494d85a408eb755a3856b8r.png_300x300.png
Protective Rain Shoes Boots Reusable Latex Waterproof Rain Non-Slip Silicone Over Shoes Boot Covers Unisex,$0.80 - $1.80,https://s.alicdn.com/@sc04/kf/S5acb77ce1cb747e3a93f8069314e76567.jpeg_300x300.jpeg
Cross-border hot selling gray flocking invisible hanger organizer magic hanger store non-slip jacket T-shirt hanger,$0.20 - $0.30,https://s.alicdn.com/@sc04/kf/Hb2728627ea4544588bb276851aa088208.jpg_300x300.jpg
European and American Style Upgraded Lace Bow Headband Hot Sale Soft Nylon Baby Headgear,$0.43 - $0.77,https://s.alicdn.com/@sc04/kf/Hbcbbc4036ab247f490089a6a0d1f0238Z.jpg_300x300.jpg
CCBODILY Women's Pearl Jewelry Breast Body Chain Top Shoulder Chains with Pearls,$8.80 - $9.50,https://s.alicdn.com/@sc04/kf/H994048ddcb9841cfa3936141b4a016cac.jpg_300x300.jpg
Versatile Trendy Fashion Hollow-Out Collar New Release,$2.28,https://s.alicdn.com/@sc04/kf/H9ca3d85dad8d4b489ce3de0d5fec148dk.jpg_300x300.jpg
Fashion Kids Girls 2 Piece Clothes Sets One Shoulder Halter Solid Tops Camouflage Printed Pants Belt Children Wear,$6.77 - $7.56,https://s.alicdn.com/@sc04/kf/H3ff02b9d2f134a74a177dd2b853e2af4Y.jpg_300x300.jpg
,,https://s.alicdn.com/@sc04/kf/H20f3659ac691433aae16ddc4d929789er.png_300x300.png
European American Retro Alloy Pendant Fashion Trend DIY Bracelet Necklace Earrings Materials,$0.18,https://s.alicdn.com/@sc04/kf/H89897cd0d25b4d37a2f0a62c655d9f84V.png_300x300.png
Other Clothing Accessories Elegant Iridescent Platinum Gray Pearl Necklace,$9.67 - $11.45,https://s.alicdn.com/@sc04/kf/A1e782f0213974cd3a95ade35b9624b43X.jpg_300x300.jpg
Silk Scarf Buckle Clothes Corner Knotted Buckle Silk Scarf Buckle All-Match Shirt Hem Brooch,,https://s.alicdn.com/@sc04/kf/H0929bfdff65344abbd02347a69b445f1g.jpg_300x300.jpg
Manufacturer Wholesale Custom Colors College Award Graduation Honor Cords,$2.00 - $2.20,https://s.alicdn.com/@sc04/kf/Ha6f94cbd9ea04e9da5c57d81eb667276U.jpg_300x300.jpg
18K Stainless Steel Gold Plated Malachite Shell Ring Chunky Open Design Women's Natural Stone Layer Jewelry,$2.43,https://s.alicdn.com/@sc04/kf/Hd6b1b69eaa33408cada9f29bbaed8574H.jpg_300x300.jpg
Designer Clothing Accessories 100% Handmade Crochet Flowers Amigurumi Flower T-shirt Breastpin,$0.99 - $1.15,https://s.alicdn.com/@sc04/kf/He68c61fd1bbc4d98a781e7dbc5fd2d67A.jpg_300x300.jpg
Handmade 7cm Thread Ribbon Bow Warped Flower Children's Headwear Unique Hair for Kids,$0.10 - $0.16,https://s.alicdn.com/@sc04/kf/H8aaed70e908f4c14978b430c9c7c0e20i.jpg_300x300.jpg
Disposable Bouffant Cap Non Woven Medical Hair Head Cover Surgical Doctor Nurse Double Elastic Strip Cap Clip Medical Caps,$0.50 - $1.50,https://s.alicdn.com/@sc04/kf/S9f96466bac4047c5b47fee9fc929b3b6m.jpeg_300x300.jpeg
White Grey Color Custom Anti Slip Velvet Plastic Hanger store non-slip jacket T-shirt hanger,,https://s.alicdn.com/@sc04/kf/Hda99b66a655e443a82ee2304a105651fn.jpg_300x300.jpg
,,https://s.alicdn.com/@sc04/kf/H26b3535aa8484a08bec5cafb0f8b85a5r.jpg_300x300.jpg
YN Factory Wholesale Multicolored Fashion Waist Clip Fixed Clothes Pearl Brooch Waist Pants Extender Safety Pins for Women,$0.10 - $0.29,https://s.alicdn.com/@sc04/kf/H077679e227e34a31b3a9eb52925ceb64W.jpg_300x300.jpg
Asian Ethnic Clothing products are produced in Bali Indonesia customized model or design are acceptable material rayon or cotton,$6.00 - $9.00,https://s.alicdn.com/@sc04/kf/Sa653febe00cc4486996605fa901f616as.jpg_300x300.jpg
Bike suit mens jacket Leather Moter Cycle Suit,$120.00 - $180.00,https://s.alicdn.com/@sc04/kf/Afac7ddd87cae436eadcf7a826ad6f011V.png_300x300.png
Polyester Satin Sash can be customized colors sizes and material customized size colors Manufactured and exported from India.,,https://s.alicdn.com/@sc04/kf/S8352c319c8434f6388783a82310e496f4.png_300x300.png
